A,1851
D,1725
B,1718
C,1701
I,227
ANSWER,206
SHEET,185
ABC,64
CD,49
AB,46
II,41
ABCD,35
III,27
E,24
GDP,22
IV,21
EXAMPLE,19
US,18
IQ,18
V,16
UK,15
TV,14
G,14
DNA,14
CSR,14
OUTLINE,12
F,12
DNT,12
BBC,12
NBAC,10
VI,8
TSA,8
RSC,8
CEO,7
THE,6
NOT,6
NBA,6
AAAS,6
VII,5
TMT,5
OECD,5
M,5
IASB,5
BCD,5
TRUE,4
REM,4
FTC,4
FASB,4
SAT,3
PTK,3
P,3
ON,3
H,3
CIA,3
VIII,2
TO,2
SECTION,2
OR,2
OK,2
OF,2
NT,2
NRC,2
NHS,2
NAS,2
IUCN,2
IT,2
IBM,2
GMAT,2
GASP,2
EXCEPT,2
CSX,2
CO,2
CFW,2
BC,2
ANSHWER,2
AND,2
AEI,2
AD,2
ZZZ,1
Z,1
YOU,1
Y,1
WORK,1
WHERE,1
USA,1
UPS,1
UNTIL,1
UNDERSTANDING,1
UN,1
UC,1
TOLD,1
THIS,1
T,1
SKB,1
READ,1
POPULATION,1
PARENT,1
OPEC,1
O,1
NEXT,1
NET,1
NASA,1
N,1
MBA,1
MAKING,1
LIVE,1
LG,1
ITV,1
IS,1
IN,1
HSO,1
HEALTH,1
GROWTH,1
GRE,1
GOOD,1
GDR,1
GAAP,1
FRIENDS,1
FOR,1
FCPA,1
EU,1
EPG,1
END,1
DOWNS,1
DO,1
DIRECTIONS,1
DC,1
DAA,1
CV,1
COUNTRY,1
CONTINUE,1
CITY,1
CHILD,1
CCPOA,1
BT,1
BETWEEN,1
BETTER,1
BBDO,1
ARE,1
ADVERTISEMENT,1
AAAA,1
AAA,1
