The,838
In,308
It,262
But,166
Directions,159
Section,148
For,131
Text,127
Part,125
This,116
They,110
You,109
American,100
There,93
What,92
If,91
He,87
According,82
Read,81
English,79
As,79
America,73
Paragraph,69
When,67
Your,62
We,62
And,62
To,60
Choose,51
Which,49
Some,49
Mark,48
At,48
Americans,46
One,43
New,43
On,42
By,41
United,39
That,39
Many,38
Europe,37
Chinese,37
World,36
While,36
States,36
Each,36
Yet,35
Reading,35
Comprehension,35
Write,32
Questions,32
Use,31
So,31
Line,31
European,31
All,31
Writing,30
These,30
From,30
Do,29
Although,29
University,28
Now,28
Even,27
Then,26
Internet,26
However,26
His,26
British,26
With,25
Most,25
Such,24
Science,24
Answer,24
After,24
Put,23
Translation,22
No,22
More,22
How,22
People,21
Britain,21
An,21
Test,20
South,20
England,20
Web,19
Japanese,19
California,19
Vocabulary,18
Structure,18
George,18
Games,18
Why,17
Time,17
Thus,17
Our,17
Only,17
Earth,17
Those,16
Of,16
National,16
Dickens,16
Cloze,16
Beneath,16
Because,16
Today,15
John,15
Its,15
Court,15
West,14
Washington,14
War,14
Since,14
Robert,14
Not,14
My,14
Japan,14
Instead,14
During,14
Congress,14
Vermont,13
She,13
Just,13
Identify,13
Constitution,13
Women,12
White,12
Wall,12
Venus,12
Therefore,12
Olympic,12
Mauna,12
Kea,12
Entergy,12
William,11
Their,11
Straitford,11
Question,11
Para,11
International,11
Indeed,11
Example,11
Arizona,11
York,10
Supreme,10
Social,10
Scientists,10
School,10
Research,10
Rather,10
North,10
Italy,10
Is,10
Institute,10
House,10
Here,10
First,10
David,10
Translate,9
Times,9
Though,9
Study,9
Shakespeare,9
Second,9
Pole,9
Moreover,9
Lees,9
Last,9
Human,9
Harvard,9
Gilbert,9
Furthermore,9
Australia,9
Are,9
Age,9
Williams,8
Western,8
Warner,8
Street,8
Spero,8
Perhaps,8
Paragraphs,8
Nevertheless,8
Mental,8
London,8
Levin,8
Justice,8
Health,8
Futurist,8
Federal,8
Ericsson,8
Correction,8
Charles,8
Antarctic,8
Another,8
Among,8
Allen,8
Administration,8
Who,7
Until,7
Under,7
Two,7
Spanish,7
Sometimes,7
Rosenberg,7
Pickwick,7
Or,7
Newton,7
News,7
Nature,7
Much,7
Modern,7
Middle,7
Men,7
Life,7
Kids,7
Kennedy,7
Jefferson,7
India,7
Hawaiian,7
Great,7
Germany,7
French,7
Fill,7
Despite,7
Darwin,7
Canada,7
Besides,7
Before,7
Beethoven,7
Any,7
Alvarez,7
Also,7
Year,6
Word,6
Without,6
Virginia,6
Title,6
Stratford,6
Still,6
San,6
Sample,6
Researchers,6
Redmon,6
President,6
Paul,6
Over,6
Other,6
Once,6
Old,6
Nobel,6
Net,6
Menand,6
Meanwhile,6
May,6
March,6
Intelligence,6
Indian,6
Ice,6
Greek,6
Greece,6
Good,6
Generally,6
Galileo,6
Friedman,6
France,6
Federation,6
Fashion,6
Egypt,6
Education,6
Dr,6
Cline,6
Certainly,6
Cartwright,6
Boston,6
Boas,6
Being,6
Bank,6
Association,6
Arctic,6
Anyone,6
Academy,6
Worm,5
Within,5
Ways,5
Verb,5
Up,5
Unfortunately,5
Television,5
Stephen,5
Spain,5
Seymour,5
Several,5
Security,5
Sciences,5
Savant,5
Sapir,5
Richard,5
Queen,5
Quebec,5
Prize,5
Peretti,5
Pearson,5
Pacific,5
Others,5
Osborne,5
Nowadays,5
Newspapers,5
Neither,5
Mr,5
Moore,5
Microsoft,5
Medical,5
Massachusetts,5
Lord,5
Look,5
Liberal,5
Hockey,5
Hence,5
Help,5
Hawthorne,5
Hawaiians,5
Greeks,5
Future,5
Forms,5
Except,5
Evolution,5
Every,5
Donovan,5
Dam,5
Companies,5
City,5
Canadian,5
Brooks,5
Both,5
Board,5
Belfast,5
Atlantic,5
Aristotle,5
Al,5
Africa,5
Above,5
Yehuda,4
Wordsworth,4
Whorf,4
Whether,4
Way,4
Unless,4
Union,4
Tylor,4
Trust,4
Three,4
Thinking,4
Texas,4
Testing,4
Technology,4
Sunday,4
Stress,4
State,4
Society,4
Sir,4
Shapiro,4
Senior,4
Senator,4
Rudolph,4
Rome,4
Rights,4
Remember,4
Professional,4
Philharmonic,4
Peter,4
Party,4
Ottawa,4
Olympics,4
Ocean,4
Nowhere,4
Nor,4
Nobody,4
Myers,4
Michael,4
Mexico,4
Mayflower,4
Man,4
Living,4
Lines,4
Likewise,4
Kingdom,4
King,4
Justices,4
July,4
Jane,4
Humor,4
Hofstadter,4
Heart,4
Having,4
Greenspan,4
Graddol,4
Government,4
God,4
Getting,4
Gerald,4
Fortunately,4
Flesch,4
Few,4
Everybody,4
Englanders,4
Emerson,4
Economic,4
Development,4
December,4
Death,4
Dane,4
Corporation,4
Constitutional,4
Company,4
Commission,4
Clearly,4
Class,4
Carlos,4
Bush,4
Bob,4
Big,4
Belgium,4
August,4
Asia,4
Antarctica,4
Amendment,4
Zysman,3
Years,3
Working,3
Work,3
Wisconsin,3
Will,3
Whereas,3
Where,3
Waal,3
Vaux,3
Utopia,3
Unlike,3
Ukraine,3
Toyota,3
Too,3
Tommasini,3
Thomas,3
Take,3
Sweden,3
Supporters,3
Star,3
Stanford,3
Space,3
Smith,3
Sleep,3
Slaves,3
Simonsohn,3
Should,3
Scientific,3
Schutt,3
Sandra,3
Sammy,3
Saffo,3
Russian,3
Russell,3
Royal,3
Ross,3
Romanow,3
Rebekah,3
Ravitch,3
Professor,3
Production,3
Priestly,3
Present,3
Plymouth,3
Please,3
Physics,3
Personal,3
Parliament,3
Papers,3
Overdressed,3
Out,3
Organization,3
Opinions,3
Office,3
Nobels,3
Newspaper,3
Newman,3
Music,3
Museum,3
Matheson,3
Markova,3
Lynch,3
Literature,3
Listening,3
Like,3
Law,3
Later,3
Kitcher,3
Kirby,3
Kelsey,3
Journal,3
Jim,3
James,3
Italian,3
Isaac,3
Irvine,3
Interest,3
Information,3
Industrial,3
Humans,3
Hoffa,3
High,3
Henry,3
Hemings,3
Helicopters,3
Hawaii,3
Have,3
Google,3
Given,3
Get,3
Fundamental,3
Frederick,3
Francisco,3
Fourth,3
Florida,3
Flight,3
Far,3
Exposure,3
Explorer,3
Experts,3
Either,3
Edward,3
Editors,3
Edison,3
East,3
Doing,3
Doctors,3
Dicken,3
Denmark,3
Democrats,3
Day,3
Cup,3
Could,3
Conversation,3
Continent,3
Consumers,3
Consider,3
Consequently,3
Columbia,3
College,3
Club,3
Church,3
Christian,3
Children,3
Chief,3
Chicago,3
Chancellor,3
Challenge,3
Center,3
Care,3
Cardus,3
Can,3
Brosnan,3
Broadcasting,3
Bilski,3
Bankers,3
Bang,3
Average,3
Athens,3
Aswan,3
Asked,3
Ask,3
Aristotelian,3
Apart,3
Annie,3
Annas,3
Alan,3
Air,3
African,3
Advertising,3
Actually,3
Acts,3
Act,3
Accounting,3
About,3
Zodiac,2
Zo,2
Zeus,2
Zenith,2
Yankee,2
Wilt,2
Wide,2
Westerner,2
Were,2
Well,2
Welch,2
Wednesday,2
Wave,2
Water,2
Vitamins,2
Virtual,2
Vineyards,2
Very,2
Vanity,2
Valley,2
Valensi,2
Unemployment,2
Ukip,2
Typically,2
Twist,2
Trek,2
Transportation,2
Trade,2
Total,2
Top,2
Together,2
Tipping,2
Threats,2
Thirty,2
Third,2
Think,2
Theories,2
Thales,2
Territory,2
Terminally,2
Telescope,2
Teamsters,2
Teachers,2
Talk,2
Surveys,2
Suppose,2
Supportive,2
Successful,2
Students,2
Strategies,2
Strangely,2
Steve,2
Sternberg,2
Statisticians,2
Statistical,2
Standards,2
Standard,2
Sport,2
Spencer,2
Southern,2
Soon,2
Skeptical,2
Similarly,2
Similar,2
Sherman,2
Shaw,2
Set,2
Services,2
Service,2
Select,2
Sedition,2
Securing,2
Search,2
Schwarzenegger,2
Scalia,2
Says,2
Sarah,2
Samuel,2
Sagan,2
Sadly,2
Ryan,2
Russians,2
Russia,2
Rural,2
Rodriguez,2
Roberts,2
Revolution,2
Republicans,2
Report,2
Reform,2
Recent,2
Recall,2
Really,2
Railroads,2
Rage,2
Puritans,2
Puritan,2
Publication,2
Public,2
Providing,2
Provided,2
Proper,2
Problems,2
Prizes,2
Prior,2
Practices,2
Portuguese,2
Politics,2
Politicians,2
Policy,2
Point,2
Plenty,2
Place,2
Pilgrims,2
Pilgrim,2
Physical,2
Pasteur,2
Passengers,2
Parmigiani,2
Palace,2
Owing,2
Outlook,2
Otherwise,2
Ormont,2
Orin,2
Open,2
Online,2
Olympus,2
Olympian,2
Oliver,2
Oil,2
Often,2
Obviously,2
Obama,2
Nuclear,2
Nothing,2
Northern,2
Norfolk,2
Noise,2
Noam,2
Nissan,2
Nimmons,2
Nickson,2
Natural,2
Narmada,2
Murdoch,2
Mulcaire,2
Mount,2
Motor,2
Morgan,2
Moral,2
Monthly,2
Monday,2
Monarchs,2
Models,2
Ming,2
Mind,2
Milton,2
Merely,2
Mead,2
Maybe,2
Maxwell,2
Matter,2
Mary,2
Manpower,2
Manhattan,2
Making,2
Make,2
Luce,2
Lots,2
Long,2
Lloyd,2
Liliuokalani,2
Li,2
Levitt,2
Less,2
Leonard,2
Lengel,2
Left,2
Lee,2
Language,2
Lamm,2
Lack,2
Labour,2
Labor,2
Know,2
Kerr,2
Keep,2
June,2
Juan,2
Journalists,2
Joseph,2
Join,2
Johnson,2
Jimmy,2
Jennifer,2
Islands,2
Iraq,2
Inventions,2
Intellect,2
Industry,2
Indians,2
Incidentally,2
Inadequate,2
Immigration,2
Ill,2
Hugging,2
Hospital,2
Horizon,2
Hofsess,2
History,2
Historical,2
Hill,2
Higher,2
Higgs,2
Herbert,2
Haze,2
Hayward,2
Harold,2
Hardly,2
Had,2
Growing,2
Gross,2
Gregory,2
Green,2
Gray,2
Graduate,2
Governments,2
Gordon,2
Global,2
Give,2
Giovanni,2
Germans,2
German,2
Georgia,2
Genetic,2
Gender,2
Garth,2
Fun,2
Freud,2
Freedom,2
Franz,2
Founding,2
Foundation,2
Formerly,2
Former,2
Foreign,2
Fine,2
Financial,2
Finally,2
Fewer,2
Feature,2
Fathers,2
Families,2
Examples,2
Evidence,2
Europeans,2
Equally,2
Entrance,2
Empire,2
Ellen,2
Elisabeth,2
Electronics,2
Einstein,2
Edmund,2
Ed,2
Economist,2
Durkheim,2
Drug,2
Donahue,2
Dole,2
Does,2
Divorced,2
Dilemma,2
Different,2
Diego,2
Develop,2
Depending,2
Dennis,2
Democratic,2
Degree,2
Defenders,2
Decline,2
Decisions,2
Days,2
Dawna,2
Dave,2
Danish,2
Customers,2
Critics,2
Credibility,2
Council,2
Coulson,2
Corporations,2
Cornell,2
Copan,2
Cooper,2
Conveniences,2
Continuing,2
Conservatives,2
Conrail,2
Conflict,2
Computers,2
Common,2
Committee,2
Coming,2
Come,2
Cochran,2
Cobe,2
Clinton,2
Climate,2
Cleveland,2
Circuit,2
Christmas,2
Chomsky,2
Cheques,2
Changes,2
Chamberlain,2
Catholicism,2
Castle,2
Carter,2
Carnegie,2
Carl,2
Carey,2
Card,2
Candidates,2
Canadians,2
Business,2
Burke,2
Bunsen,2
Bullock,2
Building,2
Build,2
Buddhist,2
Bruce,2
Brexit,2
Brendon,2
Boz,2
Born,2
Bobby,2
Black,2
Birth,2
Bill,2
Bible,2
Better,2
Bertrand,2
Berlusconi,2
Behind,2
Behaviorists,2
Be,2
Bay,2
Baudelaire,2
Basic,2
Back,2
Avon,2
Australian,2
Austin,2
Assessment,2
Asians,2
Arts,2
Art,2
Arnold,2
Argentina,2
Archaeologists,2
Arc,2
Arab,2
April,2
Applications,2
Antonin,2
Anthropology,2
Anthony,2
Aniston,2
Andy,2
Analysis,2
Alone,2
Almost,2
Alito,2
Alice,2
Alexie,2
Alexander,2
Alberts,2
Albert,2
Alaska,2
Against,2
Advertisers,2
Adding,2
Across,2
Accepted,2
Zysmans,1
Zlotkowski,1
Zimmer,1
Zigzag,1
Zealand,1
Zara,1
Young,1
Yoko,1
Yes,1
Yale,1
Writers,1
Wright,1
Would,1
Worse,1
Works,1
Workers,1
Words,1
Won,1
Witness,1
Winthrop,1
Window,1
Willumstad,1
Wild,1
Wiencek,1
Whoever,1
Whenever,1
Wellesley,1
Weinberg,1
Wegner,1
Weekly,1
Week,1
Wechsler,1
Websites,1
Wears,1
Wealthy,1
Watching,1
Wasted,1
Washing,1
Warwick,1
Warren,1
Warehouse,1
Wang,1
Walker,1
Walk,1
Waldo,1
Wagner,1
Voyage,1
Volkswagen,1
Visualize,1
Visitors,1
Virtually,1
Vinci,1
Vincent,1
Videophones,1
Vicwardian,1
Victorians,1
Victoria,1
Victor,1
Vickery,1
Viacom,1
Veteran,1
Vernon,1
Verne,1
Venice,1
Vatican,1
Vast,1
Various,1
Using,1
User,1
Us,1
Uri,1
Urban,1
Upon,1
Upcoming,1
Unpredictability,1
Unknown,1
Universities,1
Uniqlo,1
Unhappy,1
Unfavourable,1
Unexpectedly,1
Underused,1
Understand,1
Uncomfortable,1
Uncertainty,1
Unabomber,1
Unable,1
Typical,1
Twitter,1
Twain,1
Tutankhamun,1
Turkish,1
Turkey,1
Tuesday,1
Try,1
Trustworthiness,1
True,1
Tropicana,1
Trip,1
Trey,1
Travelling,1
Transitions,1
Transfer,1
Transcendentalist,1
Training,1
Traditionally,1
Towns,1
Towards,1
Toward,1
Tourists,1
Toshiki,1
Tom,1
Tolerant,1
Tobacco,1
Tina,1
Timber,1
Tightwad,1
Tighten,1
Throughout,1
Through,1
Throne,1
Thousands,1
Thing,1
Theirs,1
Theatre,1
Thatcher,1
Thanksgiving,1
Thanks,1
Thackeray,1
Terrorism,1
Terrible,1
Terminator,1
Teotihuacan,1
Ten,1
Telling,1
Telecommunications,1
Ted,1
Technically,1
Technical,1
Tealdi,1
Tanzania,1
Taking,1
Taken,1
Tagging,1
Symptoms,1
Symposium,1
Symphony,1
Symbolic,1
Swedes,1
Surface,1
Surely,1
Sure,1
Supplying,1
Superstition,1
Superhigh,1
Sun,1
Sumner,1
Summer,1
Suggestions,1
Suggest,1
Succeed,1
Subsequently,1
Subscribers,1
Stylishly,1
Studying,1
Studies,1
Stuck,1
Struggle,1
Structural,1
Strictly,1
Stressful,1
Strenuous,1
Strengthening,1
Streep,1
Strategic,1
Strangers,1
Strain,1
Strack,1
Stonehenge,1
Stimulants,1
Step,1
Stemming,1
Steelworkers,1
Steel,1
Statistics,1
Starving,1
Starting,1
Started,1
Standardized,1
Sports,1
Spending,1
Spend,1
Speech,1
Species,1
Specialization,1
Specialists,1
Special,1
Speaking,1
Southeast,1
Southampton,1
Source,1
Sounds,1
Something,1
Someone,1
Somebody,1
Solutions,1
Solution,1
Software,1
Socratic,1
Soap,1
Smoking,1
Smaller,1
Small,1
Slow,1
Slovaks,1
Slovakia,1
Slavery,1
Slave,1
Skinner,1
Skimming,1
Skills,1
Sketches,1
Situation,1
Simply,1
Significance,1
Sigmund,1
Siberia,1
Shouting,1
Shortlists,1
Shorris,1
Shopping,1
Shop,1
Shippers,1
Shipbuilding,1
Shift,1
Shielded,1
Sheldon,1
Sharpening,1
Shakespearean,1
Sexual,1
Sex,1
Seven,1
Setoyama,1
Seth,1
Served,1
September,1
Sensitivity,1
Sensible,1
Sense,1
Senate,1
Seek,1
See,1
Seated,1
Sea,1
Scrutiny,1
Screening,1
Screen,1
Scottish,1
Scott,1
Scots,1
Schumpeter,1
Schools,1
Schooling,1
Scholastic,1
Scholars,1
Schlesinger,1
Scattered,1
Scarcely,1
Scandinavia,1
Scales,1
Scale,1
Say,1
Saturday,1
Satire,1
Satellites,1
Satellite,1
Sam,1
Sally,1
Said,1
Sahlman,1
Safety,1
Safari,1
Sad,1
Rutgers,1
Rupert,1
Rumor,1
Rule,1
Ruins,1
Rubin,1
Roy,1
Round,1
Rosenshine,1
Rosemary,1
Rosalind,1
Room,1
Romans,1
Roman,1
Rolex,1
Role,1
Roland,1
Rocky,1
Road,1
Rise,1
Right,1
Rich,1
Rewrite,1
Revolutionary,1
Reviewing,1
Review,1
Retirement,1
Retailers,1
Retail,1
Restrictions,1
Rested,1
Responsibility,1
Responses,1
Respect,1
Resistance,1
Republican,1
Reporters,1
Replies,1
Repeated,1
Rene,1
Renault,1
Renaissance,1
Relying,1
Religious,1
Religion,1
Release,1
Reinforced,1
Reidy,1
Regulatory,1
Regular,1
Regrettably,1
Regionally,1
Regarding,1
Refusing,1
Refrigerators,1
Reforms,1
Reforming,1
Reese,1
Reducing,1
Redstone,1
Red,1
Record,1
Recently,1
Receiving,1
Reasons,1
Reason,1
Ready,1
Readers,1
React,1
Ratio,1
Ransom,1
Ralph,1
Raise,1
Radio,1
Radical,1
Quite,1
Quit,1
Quckier,1
Putting,1
Pushed,1
Push,1
Pursuing,1
Purchase,1
Pulitzer,1
Publishers,1
Published,1
Ptolemy,1
Psychology,1
Psychoactive,1
Prudent,1
Protests,1
Protection,1
Protect,1
Prospects,1
Properly,1
Prominent,1
Project,1
Progressive,1
Progress,1
Programs,1
Programmes,1
Program,1
Profound,1
Professorship,1
Professionals,1
Professionalism,1
Procession,1
Proceedings,1
Probably,1
Private,1
Printing,1
Print,1
Principles,1
Princeton,1
Princes,1
Prince,1
Prime,1
Priests,1
Pricing,1
Previous,1
Prevention,1
Presumably,1
Press,1
Preparation,1
Premiers,1
Preliminary,1
Preliminarily,1
Predictably,1
Predict,1
Precisely,1
Prada,1
Practice,1
Practically,1
Practicality,1
Practical,1
Powered,1
Poverty,1
Potentials,1
Potential,1
Posthumous,1
Post,1
Possible,1
Possessing,1
Portugal,1
Portsmouth,1
Popularity,1
Poplar,1
Polynesians,1
Polyakov,1
Pollan,1
Pointcast,1
Plus,1
Pluff,1
Pledging,1
Pleck,1
Playing,1
Plant,1
Pittsburgh,1
Piketty,1
Pierre,1
Pick,1
Physicians,1
Philadelphia,1
Pheidippides,1
Personality,1
Perry,1
Permission,1
Periodically,1
Performers,1
Pennsylvania,1
Peets,1
Parts,1
Partners,1
Parties,1
Particularly,1
Parthenon,1
Parents,1
Parent,1
Parade,1
Panicked,1
Pain,1
Paid,1
Oxytocin,1
Owning,1
Own,1
Overhead,1
Overall,1
Outside,1
Outpouring,1
Outlet,1
Osborneland,1
Orientation,1
Organize,1
Oregon,1
Order,1
Optimistic,1
Oprah,1
Opposition,1
Opportunity,1
Opportunities,1
Opened,1
Oncogenes,1
Omnivore,1
Olduvai,1
Older,1
Ohio,1
Officials,1
Official,1
Offer,1
Odd,1
October,1
Octavia,1
Oceans,1
Occasionally,1
Observe,1
Observations,1
Objective,1
Numerous,1
Number,1
Novelty,1
Noting,1
Noticeably,1
Notably,1
Nostalgia,1
Northwestern,1
Northeast,1
Norman,1
Normally,1
Nonstop,1
Nonetheless,1
None,1
Nofzinger,1
Nile,1
Nickleby,1
Nicholas,1
Niagara,1
Next,1
Newsweek,1
Neville,1
Never,1
Nevada,1
Neuroscientists,1
Network,1
Netherlands,1
Netflix,1
Neiman,1
Needless,1
Nedra,1
Necessity,1
Nearly,1
Nazism,1
Navajo,1
Naturally,1
Naturalization,1
Native,1
Natio,1
Natick,1
Narrowing,1
Nancy,1
Name,1
Mycenaean,1
Muro,1
Multinational,1
Ms,1
Moved,1
Mournful,1
Mountain,1
Motors,1
Mothers,1
Montefiore,1
Monkeys,1
Money,1
Mom,1
Moliere,1
Mitsuo,1
Mitchell,1
Misunderstanding,1
Missouri,1
Misled,1
Mis,1
Miranda,1
Minoan,1
Minneapolis,1
Minister,1
Milwaukee,1
Million,1
Miliband,1
Midwest,1
Mexican,1
Methodology,1
Meter,1
Meryl,1
Merrill,1
Mercury,1
Mercedeses,1
Mendelson,1
Memory,1
Memorial,1
Memento,1
Members,1
Mellon,1
Mediterranean,1
Medicine,1
Medicare,1
Media,1
Maya,1
Massasoit,1
Mass,1
Martin,1
Mars,1
Marriage,1
Marram,1
Marlin,1
Marketplace,1
Marketers,1
Market,1
Marilyn,1
Margaret,1
Marcus,1
Marcia,1
Manuscript,1
Manufacturers,1
Manual,1
Manners,1
Mankind,1
Mandarin,1
Manchester,1
Managers,1
Management,1
Malcolm,1
Major,1
Maine,1
Main,1
Mahler,1
Magnificent,1
Magazines,1
Magazine,1
Madam,1
Machines,1
Luxury,1
Luckily,1
Lower,1
Lounge,1
Louisiana,1
Louis,1
Lost,1
Losing,1
Logical,1
Little,1
Listed,1
List,1
Liodice,1
Linke,1
Liner,1
Linda,1
Limits,1
Limited,1
Lighting,1
Light,1
Lies,1
Liberum,1
Liam,1
Lewis,1
Let,1
Lest,1
Lesson,1
Leonardo,1
Leisure,1
Least,1
Learning,1
Lear,1
Leaders,1
Lead,1
Leacock,1
Layer,1
Lawful,1
Lavery,1
Laval,1
Laureate,1
Laughter,1
Larger,1
Languages,1
Lanes,1
Land,1
Lancet,1
Lab,1
Korea,1
Koop,1
Koizumi,1
Knowledge,1
Knowing,1
Knossós,1
Knossos,1
Kings,1
Kinds,1
Kind,1
Killer,1
Keywords,1
Keynes,1
Kaufman,1
Kaifu,1
Juries,1
Jump,1
Julie,1
Jules,1
Judging,1
Journalistic,1
Journalism,1
Jospin,1
Joshua,1
Jones,1
Jonah,1
Joins,1
Johnsons,1
Joe,1
Jobs,1
Jewish,1
Jew,1
Jesus,1
Jerry,1
Jean,1
Jay,1
Jankin,1
Jamestown,1
Italians,1
Islamic,1
Ironically,1
Irishmen,1
Irish,1
Ireland,1
Ioannidis,1
Investments,1
Invest,1
Inventive,1
Interpret,1
Internal,1
Interior,1
Intense,1
Intelligent,1
Integrity,1
Insurance,1
Insensitivity,1
Innovators,1
Innovation,1
Injured,1
Informativeness,1
Influential,1
Inflation,1
Inequality,1
Indignant,1
Indifferent,1
Indies,1
Indiana,1
Include,1
Incidents,1
Improving,1
Importance,1
Implicit,1
Imperfect,1
Impartial,1
Immigrants,1
Immigrant,1
Immediate,1
Imagine,1
Imaginations,1
Illustrated,1
Illinois,1
Illiberal,1
Identigene,1
Ideas,1
Ideals,1
Ideally,1
Idaho,1
Iceland,1
Iberian,1
Ian,1
Hymen,1
Hydrogen,1
Hydroelectric,1
Huxley,1
Hunting,1
Hungarians,1
Humid,1
Humanity,1
Humanities,1
Hudson,1
Huckleberry,1
Hubble,1
Howard,1
Houston,1
Houghton,1
Hot,1
Hoping,1
Hope,1
Honour,1
Honduras,1
Honda,1
Homo,1
Home,1
Holton,1
Holidays,1
Historically,1
Historians,1
Hispanics,1
Hispanic,1
Hire,1
Hilton,1
Highly,1
Highest,1
Herz,1
Her,1
Hello,1
Helen,1
Hearing,1
Hayami,1
Hathaway,1
Hate,1
Hartford,1
Harmful,1
Happily,1
Hand,1
Hamlet,1
Hamburger,1
Hallucinogens,1
Hall,1
Half,1
Haiti,1
Haim,1
Habits,1
Gustav,1
Gulf,1
Guinea,1
Guess,1
Guardian,1
Guard,1
Growth,1
Groups,1
Group,1
Ground,1
Greg,1
Greenbergian,1
Greenberg,1
Greatly,1
Greater,1
Grasp,1
Grandma,1
Grammar,1
Grain,1
Graham,1
Grafton,1
Grace,1
Gould,1
Gorge,1
Golden,1
Going,1
Gods,1
Go,1
Glory,1
Globe,1
Glieberman,1
Glenn,1
Glem,1
Gladwell,1
Giza,1
Gilmore,1
Geting,1
Georges,1
Geography,1
Genetically,1
General,1
Gazette,1
Gather,1
Gateway,1
Gates,1
Gate,1
Gap,1
Gant,1
Gambling,1
Gallileo,1
Galapagos,1
Futurists,1
Furnishing,1
Funeral,1
Fund,1
Fulton,1
Fuel,1
Fruit,1
Fritz,1
Friday,1
Frequent,1
Frenchmen,1
Freeing,1
Freed,1
Fred,1
Frans,1
Franco,1
Framework,1
Fowler,1
Founded,1
Forum,1
Fors,1
Forrester,1
Form,1
Forgetting,1
Forever,1
Forei,1
Ford,1
Forced,1
Folding,1
Fog,1
Fleming,1
Fisher,1
Fish,1
Fire,1
Finn,1
Finds,1
Finding,1
Final,1
Figure,1
Fifty,1
Field,1
Fiedman,1
Ferrari,1
Ferguson,1
Female,1
Feelings,1
Feeling,1
Federally,1
February,1
Favoritism,1
Father,1
Fashions,1
Family,1
Falls,1
Fall,1
Failing,1
Failed,1
Facts,1
Factors,1
Faced,1
Extensive,1
Extension,1
Express,1
Expertise,1
Expected,1
Exercise,1
Exchequer,1
Excessive,1
Exceptional,1
Exam,1
Evolutionary,1
Everywhere,1
Everyone,1
Everett,1
Eventually,1
Evening,1
Evansville,1
Evans,1
Evan,1
Eugene,1
Ethical,1
Estimates,1
Especially,1
Eskimo,1
Erwin,1
Eroica,1
Ernest,1
Eric,1
Equipment,1
Equality,1
Environmentalists,1
Environmental,1
Entirely,1
Enroll,1
Enraged,1
Enough,1
Enlist,1
Enhancing,1
Enhanced,1
Englishmen,1
Englishman,1
Engineers,1
Engine,1
Energy,1
Energetic,1
Endless,1
End,1
Encouraging,1
Encouragement,1
Encourage,1
Employment,1
Employers,1
Emphasis,1
Emory,1
Emma,1
Emerging,1
Ellison,1
Elliot,1
Elizabeth,1
Eliot,1
Eli,1
Electronic,1
Electoral,1
Elected,1
Ehrlich,1
Egyptian,1
Eggs,1
Egalitarian,1
Effectively,1
Effective,1
Economists,1
Economics,1
Eastbourne,1
Early,1
Earl,1
Ea,1
Dutchmen,1
Dutch,1
Duster,1
Dullness,1
Duisenberg,1
Due,1
Ducasse,1
Dubler,1
Drugs,1
Dropping,1
Driving,1
Dress,1
Dozens,1
Downshifting,1
Downloading,1
Doug,1
Dot,1
Dominance,1
Divorce,1
District,1
Distinctly,1
Disorders,1
Disgrace,1
Disease,1
Discussions,1
Discuss,1
Discovery,1
Discoveries,1
Discerned,1
Disadvantages,1
Directors,1
Directly,1
Direct,1
Dinner,1
Diners,1
Dillard,1
Digltal,1
Digital,1
Digg,1
Difficulties,1
Difference,1
Die,1
Dick,1
Dichens,1
Diane,1
Diagnostic,1
Devoted,1
Devil,1
Desperate,1
Desks,1
Designs,1
Deserve,1
Describe,1
Depression,1
Dependence,1
Department,1
Demonstrate,1
Dement,1
Demand,1
Deliberate,1
Degradation,1
Definitely,1
Deduce,1
Declaring,1
Decider,1
Decide,1
Decibel,1
Debate,1
Databases,1
Data,1
Darwinism,1
Darwinian,1
Darkness,1
Dare,1
Danube,1
Daimler,1
Daily,1
Czechs,1
Curiously,1
Curbs,1
Culture,1
Crown,1
Crouch,1
Criticism,1
Critical,1
Crisis,1
Crew,1
Crete,1
Creative,1
Creation,1
Creating,1
Create,1
Craig,1
Cowgill,1
Coupled,1
Countries,1
Countless,1
Cottage,1
Cosmology,1
Cosmic,1
Corrupt,1
Corp,1
Cornmission,1
Corcoran,1
Copyright,1
Coping,1
Copenhagen,1
Cop,1
Cooperation,1
Cook,1
Conversely,1
Convention,1
Control,1
Contribution,1
Continued,1
Continental,1
Contemptuous,1
Constant,1
Conservative,1
Consequences,1
Conscious,1
Connor,1
Confused,1
Confidence,1
Conditions,1
Concluding,1
Concerns,1
Concern,1
Concentrate,1
Conceived,1
Computer,1
Composure,1
Complex,1
Comparisons,1
Compared,1
Communicating,1
Commons,1
Comes,1
Combined,1
Colorado,1
Colonialism,1
Collective,1
Collection,1
Coinciding,1
Cohen,1
Coast,1
Closer,1
Cliff,1
Clarence,1
Claire,1
Citizens,1
Citigroup,1
Circus,1
Chumlea,1
Chrétien,1
Chrysler,1
Chronicle,1
Chrome,1
Christie,1
Christ,1
Chris,1
Choosing,1
Chirac,1
Chile,1
Cherish,1
Cheque,1
Chemicals,1
Charter,1
Charlie,1
Channel,1
Changing,1
Certain,1
Ceremonies,1
Century,1
Centre,1
Centers,1
Census,1
Celebrity,1
Celebrex,1
Cavanagh,1
Caution,1
Caught,1
Cato,1
Catholic,1
Cathedral,1
Cases,1
Carolina,1
Carmen,1
Careless,1
Careful,1
Carefree,1
Capital,1
Cancer,1
Campaign,1
Cameron,1
Cambodia,1
Calls,1
Californians,1
Byron,1
Byrd,1
Buying,1
Buy,1
Burundi,1
Bulgarian,1
Buffett,1
Buffalo,1
Brussels,1
Bruckner,1
Bruckberger,1
Brown,1
Brooklyn,1
Bronx,1
Broadway,1
Britons,1
Britney,1
Bridge,1
Breakthrough,1
Brazil,1
Brain,1
Bournemouth,1
Boulez,1
Boris,1
Books,1
Bong,1
Bolivar,1
Bold,1
Body,1
Blenheim,1
Blane,1
Blaming,1
Blake,1
Blair,1
Blacking,1
Bizet,1
Bioethics,1
Biased,1
Between,1
Best,1
Bernard,1
Berkeley,1
Bercovici,1
Bentley,1
Benjamin,1
Benet,1
Below,1
Believe,1
Belated,1
Beijing,1
Beer,1
Beckham是英国足球明星,1
Beavers,1
Beauty,1
Beaumont,1
Batman,1
Basketball,1
Basis,1
Basically,1
Bars,1
Barnes,1
Barnard,1
Barbara,1
Bar,1
Banquo,1
Banqueting,1
Banking,1
Baldassare,1
Baier,1
Bad,1
Background,1
Aztec,1
Awkward,1
Avoiding,1
Avoid,1
Avery,1
Automobile,1
Autobiography,1
Authors,1
Audon,1
Auckland,1
Au,1
Attractions,1
Atter,1
Attendances,1
Atlanta,1
Athletes,1
Ataturk,1
Astrophysicists,1
Astronomers,1
Assign,1
Asian,1
Arthur,1
Around,1
Army,1
Aristocrats,1
Arguing,1
Area,1
Arabic,1
Approximate,1
Approaching,1
Approaches,1
Apprehensive,1
Appreciative,1
Apples,1
Apple,1
Appeals,1
Apparently,1
Anyway,1
Anything,1
Anybody,1
Anxious,1
Antonio,1
Anthropological,1
Answering,1
Annette,1
Anne,1
Annals,1
Anna,1
Ann,1
Animals,1
Angelina,1
Anecdotal,1
Andrew,1
Andorra,1
Anders,1
Ancient,1
Analyses,1
Amid,1
Amateurs,1
Am,1
Altogether,1
Alternatives,1
Alternatively,1
Already,1
Alongside,1
Alliance,1
Alien,1
Alex,1
Alert,1
Albrecht,1
Alberta,1
Alain,1
Airline,1
Airborne,1
Aimlessness,1
Ages,1
Againsts,1
Again,1
Aeronautics,1
Aerial,1
Adwertising,1
Advisory,1
Advantages,1
Advanced,1
Admissions,1
Admission,1
Administrstion,1
Adeline,1
Additional,1
Added,1
Add,1
Adam,1
Acute,1
Actual,1
Activities,1
Actively,1
Achieving,1
Achievement,1
Accounts,1
Accountability,1
Accidentally,1
Access,1
Abbott,1
